"time","state","region","num","vol","cat","pop","pden","vote","div"
2017-08-11,"AK","West",0,0,"N",738432,1,58.4,61
2017-08-11,"AL","South",0,0,"N",4858979,95,64.4,50
2017-08-11,"AR","South",0,0,"N",2978204,57,64.3,46
2017-08-11,"AZ","West",0,0,"N",6828065,60,51.9,65
2017-08-11,"CA","West",0,0,"N",39144818,251,33.9,79
2017-08-11,"CO","West",0,0,"N",5456574,52,47.3,52
2017-08-11,"CT","Northeast",0,0,"N",3590886,741,42.9,56
2017-08-11,"DC","South",0,0,"N",672228,11000,4.3,69
2017-08-11,"DE","South",0,0,"N",945934,485,44,56
2017-08-11,"FL","South",0,0,"N",20271272,378,50.6,62
2017-08-11,"GA","South",0,0,"N",10214860,177,52.7,62
2017-08-11,"HI","West",0,0,"N",1431603,222,32.6,83
2017-08-11,"IA","Midwest",0,0,"N",3123899,55,55.1,27
2017-08-11,"ID","West",0,0,"N",1654930,20,68.3,34
2017-08-11,"IL","Midwest",0,0,"N",12859995,231,41,61
2017-08-11,"IN","Midwest",0,0,"N",6619680,184,60.1,37
2017-08-11,"KS","Midwest",0,0,"N",2911641,36,61.1,43
2017-08-11,"KY","South",0,0,"N",4425092,112,65.7,28
2017-08-11,"LA","South",0,0,"N",4670724,108,60.2,55
2017-08-11,"MA","Northeast",0,0,"N",6794422,871,35.3,49
2017-08-11,"MD","South",0,0,"N",6006401,618,36,66
2017-08-11,"ME","Northeast",0,0,"N",1329328,43,48.4,13
2017-08-11,"MI","Midwest",0,0,"N",9922576,175,50.1,42
2017-08-11,"MN","Midwest",0,0,"N",5489594,68,49.2,36
2017-08-11,"MO","Midwest",0,0,"N",6083672,88,59.8,36
2017-08-11,"MS","South",0,0,"N",2992333,63,59.1,54
2017-08-11,"MT","West",0,0,"N",1032949,7,61.1,26
2017-08-11,"NC","South",0,0,"N",8382993,212,51.9,56
2017-08-11,"ND","Midwest",0,0,"N",756927,10,69.8,27
2017-08-11,"NE","Midwest",0,0,"N",1896190,24,63.5,36
2017-08-11,"NH","Northeast",0,0,"N",1330608,148,49.8,18
2017-08-11,"NJ","Northeast",0,0,"N",8958013,1218,42.7,67
2017-08-11,"NM","West",0,0,"N",2085109,17,45.3,73
2017-08-11,"NV","West",0,0,"N",2890845,26,48.7,72
2017-08-11,"NY","Northeast",0,0,"N",19795791,420,38.2,70
2017-08-11,"OH","Midwest",0,0,"N",11613423,284,54.3,36
2017-08-11,"OK","South",0,0,"N",3911338,57,69.3,56
2017-08-11,"OR","West",0,0,"N",4028977,41,43.8,43
2017-08-11,"PA","Northeast",0,0,"N",12802503,286,50.4,41
2017-08-11,"RI","Northeast",0,0,"N",1056298,1021,41.7,51
2017-08-11,"SC","South",0,0,"N",4896146,162,57.5,53
2017-08-11,"SD","Midwest",0,0,"N",858469,11,66,33
2017-08-11,"TN","South",0,0,"N",6600299,160,63.6,43
2017-08-11,"TX","South",0,0,"N",27469114,105,54.7,70
2017-08-11,"UT","West",0,0,"N",2995919,36,62.4,42
2017-08-11,"VA","South",1,20,"S",10042802,206,47.2,58
2017-08-11,"VT","Northeast",0,0,"N",626042,67,34.8,13
2017-08-11,"WA","West",0,0,"N",7170351,107,41.2,53
2017-08-11,"WI","Midwest",0,0,"N",5771337,106,50.4,35
2017-08-11,"WV","South",0,0,"N",1844128,76,72.2,15
2017-08-11,"WY","West",0,0,"N",586107,6,75.7,31
2017-08-12,"AK","West",0,0,"N",738432,1,58.4,61
2017-08-12,"AL","South",0,0,"N",4858979,95,64.4,50
2017-08-12,"AR","South",0,0,"N",2978204,57,64.3,46
2017-08-12,"AZ","West",1,16,"S",6828065,60,51.9,65
2017-08-12,"CA","West",7,1040,"L",39144818,251,33.9,79
2017-08-12,"CO","West",0,0,"N",5456574,52,47.3,52
2017-08-12,"CT","Northeast",0,0,"N",3590886,741,42.9,56
2017-08-12,"DC","South",0,0,"N",672228,11000,4.3,69
2017-08-12,"DE","South",0,0,"N",945934,485,44,56
2017-08-12,"FL","South",1,30,"S",20271272,378,50.6,62
2017-08-12,"GA","South",1,1000,"L",10214860,177,52.7,62
2017-08-12,"HI","West",0,0,"N",1431603,222,32.6,83
2017-08-12,"IA","Midwest",0,0,"N",3123899,55,55.1,27
2017-08-12,"ID","West",0,0,"N",1654930,20,68.3,34
2017-08-12,"IL","Midwest",0,0,"N",12859995,231,41,61
2017-08-12,"IN","Midwest",0,0,"N",6619680,184,60.1,37
2017-08-12,"KS","Midwest",0,0,"N",2911641,36,61.1,43
2017-08-12,"KY","South",0,0,"N",4425092,112,65.7,28
2017-08-12,"LA","South",1,10,"S",4670724,108,60.2,55
2017-08-12,"MA","Northeast",1,300,"L",6794422,871,35.3,49
2017-08-12,"MD","South",1,40,"S",6006401,618,36,66
2017-08-12,"ME","Northeast",1,50,"S",1329328,43,48.4,13
2017-08-12,"MI","Midwest",1,10,"S",9922576,175,50.1,42
2017-08-12,"MN","Midwest",2,35,"S",5489594,68,49.2,36
2017-08-12,"MO","Midwest",2,70,"S",6083672,88,59.8,36
2017-08-12,"MS","South",0,0,"N",2992333,63,59.1,54
2017-08-12,"MT","West",0,0,"N",1032949,7,61.1,26
2017-08-12,"NC","South",0,0,"N",8382993,212,51.9,56
2017-08-12,"ND","Midwest",0,0,"N",756927,10,69.8,27
2017-08-12,"NE","Midwest",0,0,"N",1896190,24,63.5,36
2017-08-12,"NH","Northeast",0,0,"N",1330608,148,49.8,18
2017-08-12,"NJ","Northeast",1,100,"S",8958013,1218,42.7,67
2017-08-12,"NM","West",0,0,"N",2085109,17,45.3,73
2017-08-12,"NV","West",0,0,"N",2890845,26,48.7,72
2017-08-12,"NY","Northeast",2,150,"L",19795791,420,38.2,70
2017-08-12,"OH","Midwest",0,0,"N",11613423,284,54.3,36
2017-08-12,"OK","South",0,0,"N",3911338,57,69.3,56
2017-08-12,"OR","West",2,42,"S",4028977,41,43.8,43
2017-08-12,"PA","Northeast",0,0,"N",12802503,286,50.4,41
2017-08-12,"RI","Northeast",0,0,"N",1056298,1021,41.7,51
2017-08-12,"SC","South",1,10,"S",4896146,162,57.5,53
2017-08-12,"SD","Midwest",0,0,"N",858469,11,66,33
2017-08-12,"TN","South",2,110,"S",6600299,160,63.6,43
2017-08-12,"TX","South",1,10,"S",27469114,105,54.7,70
2017-08-12,"UT","West",0,0,"N",2995919,36,62.4,42
2017-08-12,"VA","South",1,1000,"L",10042802,206,47.2,58
2017-08-12,"VT","Northeast",0,0,"N",626042,67,34.8,13
2017-08-12,"WA","West",0,0,"N",7170351,107,41.2,53
2017-08-12,"WI","Midwest",0,0,"N",5771337,106,50.4,35
2017-08-12,"WV","South",0,0,"N",1844128,76,72.2,15
2017-08-12,"WY","West",0,0,"N",586107,6,75.7,31
2017-08-13,"AK","West",0,0,"N",738432,1,58.4,61
2017-08-13,"AL","South",3,300,"L",4858979,95,64.4,50
2017-08-13,"AR","South",1,200,"L",2978204,57,64.3,46
2017-08-13,"AZ","West",3,2175,"L",6828065,60,51.9,65
2017-08-13,"CA","West",17,2134,"L",39144818,251,33.9,79
2017-08-13,"CO","West",4,1155,"L",5456574,52,47.3,52
2017-08-13,"CT","Northeast",7,1050,"L",3590886,741,42.9,56
2017-08-13,"DC","South",1,1000,"L",672228,11000,4.3,69
2017-08-13,"DE","South",1,100,"S",945934,485,44,56
2017-08-13,"FL","South",5,560,"L",20271272,378,50.6,62
2017-08-13,"GA","South",1,100,"S",10214860,177,52.7,62
2017-08-13,"HI","West",1,50,"S",1431603,222,32.6,83
2017-08-13,"IA","Midwest",0,0,"N",3123899,55,55.1,27
2017-08-13,"ID","West",1,100,"S",1654930,20,68.3,34
2017-08-13,"IL","Midwest",4,645,"L",12859995,231,41,61
2017-08-13,"IN","Midwest",5,975,"L",6619680,184,60.1,37
2017-08-13,"KS","Midwest",2,500,"L",2911641,36,61.1,43
2017-08-13,"KY","South",2,1600,"L",4425092,112,65.7,28
2017-08-13,"LA","South",2,135,"S",4670724,108,60.2,55
2017-08-13,"MA","Northeast",5,575,"L",6794422,871,35.3,49
2017-08-13,"MD","South",4,1400,"L",6006401,618,36,66
2017-08-13,"ME","Northeast",4,295,"L",1329328,43,48.4,13
2017-08-13,"MI","Midwest",9,1135,"L",9922576,175,50.1,42
2017-08-13,"MN","Midwest",2,200,"L",5489594,68,49.2,36
2017-08-13,"MO","Midwest",2,250,"L",6083672,88,59.8,36
2017-08-13,"MS","South",0,0,"N",2992333,63,59.1,54
2017-08-13,"MT","West",1,225,"L",1032949,7,61.1,26
2017-08-13,"NC","South",11,2705,"L",8382993,212,51.9,56
2017-08-13,"ND","Midwest",0,0,"N",756927,10,69.8,27
2017-08-13,"NE","Midwest",1,20,"S",1896190,24,63.5,36
2017-08-13,"NH","Northeast",1,60,"S",1330608,148,49.8,18
2017-08-13,"NJ","Northeast",7,1350,"L",8958013,1218,42.7,67
2017-08-13,"NM","West",2,250,"L",2085109,17,45.3,73
2017-08-13,"NV","West",0,0,"N",2890845,26,48.7,72
2017-08-13,"NY","Northeast",9,1795,"L",19795791,420,38.2,70
2017-08-13,"OH","Midwest",5,950,"L",11613423,284,54.3,36
2017-08-13,"OK","South",2,130,"S",3911338,57,69.3,56
2017-08-13,"OR","West",2,200,"L",4028977,41,43.8,43
2017-08-13,"PA","Northeast",5,990,"L",12802503,286,50.4,41
2017-08-13,"RI","Northeast",1,100,"S",1056298,1021,41.7,51
2017-08-13,"SC","South",2,250,"L",4896146,162,57.5,53
2017-08-13,"SD","Midwest",0,0,"N",858469,11,66,33
2017-08-13,"TN","South",3,160,"L",6600299,160,63.6,43
2017-08-13,"TX","South",3,160,"L",27469114,105,54.7,70
2017-08-13,"UT","West",0,0,"N",2995919,36,62.4,42
2017-08-13,"VA","South",7,910,"L",10042802,206,47.2,58
2017-08-13,"VT","Northeast",0,0,"N",626042,67,34.8,13
2017-08-13,"WA","West",2,110,"S",7170351,107,41.2,53
2017-08-13,"WI","Midwest",3,400,"L",5771337,106,50.4,35
2017-08-13,"WV","South",1,200,"L",1844128,76,72.2,15
2017-08-13,"WY","West",0,0,"N",586107,6,75.7,31
2017-08-14,"AK","West",0,0,"N",738432,1,58.4,61
2017-08-14,"AL","South",0,0,"N",4858979,95,64.4,50
2017-08-14,"AR","South",0,0,"N",2978204,57,64.3,46
2017-08-14,"AZ","West",0,0,"N",6828065,60,51.9,65
2017-08-14,"CA","West",1,15,"S",39144818,251,33.9,79
2017-08-14,"CO","West",0,0,"N",5456574,52,47.3,52
2017-08-14,"CT","Northeast",0,0,"N",3590886,741,42.9,56
2017-08-14,"DC","South",1,100,"S",672228,11000,4.3,69
2017-08-14,"DE","South",0,0,"N",945934,485,44,56
2017-08-14,"FL","South",0,0,"N",20271272,378,50.6,62
2017-08-14,"GA","South",1,800,"L",10214860,177,52.7,62
2017-08-14,"HI","West",0,0,"N",1431603,222,32.6,83
2017-08-14,"IA","Midwest",1,300,"L",3123899,55,55.1,27
2017-08-14,"ID","West",0,0,"N",1654930,20,68.3,34
2017-08-14,"IL","Midwest",1,200,"L",12859995,231,41,61
2017-08-14,"IN","Midwest",1,100,"S",6619680,184,60.1,37
2017-08-14,"KS","Midwest",0,0,"N",2911641,36,61.1,43
2017-08-14,"KY","South",1,10,"S",4425092,112,65.7,28
2017-08-14,"LA","South",0,0,"N",4670724,108,60.2,55
2017-08-14,"MA","Northeast",4,255,"L",6794422,871,35.3,49
2017-08-14,"MD","South",0,0,"N",6006401,618,36,66
2017-08-14,"ME","Northeast",1,150,"L",1329328,43,48.4,13
2017-08-14,"MI","Midwest",0,0,"N",9922576,175,50.1,42
2017-08-14,"MN","Midwest",2,150,"L",5489594,68,49.2,36
2017-08-14,"MO","Midwest",0,0,"N",6083672,88,59.8,36
2017-08-14,"MS","South",0,0,"N",2992333,63,59.1,54
2017-08-14,"MT","West",0,0,"N",1032949,7,61.1,26
2017-08-14,"NC","South",1,2,"S",8382993,212,51.9,56
2017-08-14,"ND","Midwest",0,0,"N",756927,10,69.8,27
2017-08-14,"NE","Midwest",0,0,"N",1896190,24,63.5,36
2017-08-14,"NH","Northeast",1,50,"S",1330608,148,49.8,18
2017-08-14,"NJ","Northeast",0,0,"N",8958013,1218,42.7,67
2017-08-14,"NM","West",1,100,"S",2085109,17,45.3,73
2017-08-14,"NV","West",0,0,"N",2890845,26,48.7,72
2017-08-14,"NY","Northeast",6,1305,"L",19795791,420,38.2,70
2017-08-14,"OH","Midwest",1,100,"S",11613423,284,54.3,36
2017-08-14,"OK","South",0,0,"N",3911338,57,69.3,56
2017-08-14,"OR","West",1,7,"S",4028977,41,43.8,43
2017-08-14,"PA","Northeast",1,100,"S",12802503,286,50.4,41
2017-08-14,"RI","Northeast",0,0,"N",1056298,1021,41.7,51
2017-08-14,"SC","South",2,350,"L",4896146,162,57.5,53
2017-08-14,"SD","Midwest",0,0,"N",858469,11,66,33
2017-08-14,"TN","South",0,0,"N",6600299,160,63.6,43
2017-08-14,"TX","South",0,0,"N",27469114,105,54.7,70
2017-08-14,"UT","West",1,1000,"L",2995919,36,62.4,42
2017-08-14,"VA","South",0,0,"N",10042802,206,47.2,58
2017-08-14,"VT","Northeast",1,200,"L",626042,67,34.8,13
2017-08-14,"WA","West",0,0,"N",7170351,107,41.2,53
2017-08-14,"WI","Midwest",0,0,"N",5771337,106,50.4,35
2017-08-14,"WV","South",0,0,"N",1844128,76,72.2,15
2017-08-14,"WY","West",0,0,"N",586107,6,75.7,31
2017-08-15,"AK","West",0,0,"N",738432,1,58.4,61
2017-08-15,"AL","South",0,0,"N",4858979,95,64.4,50
2017-08-15,"AR","South",0,0,"N",2978204,57,64.3,46
2017-08-15,"AZ","West",0,0,"N",6828065,60,51.9,65
2017-08-15,"CA","West",0,0,"N",39144818,251,33.9,79
2017-08-15,"CO","West",0,0,"N",5456574,52,47.3,52
2017-08-15,"CT","Northeast",0,0,"N",3590886,741,42.9,56
2017-08-15,"DC","South",0,0,"N",672228,11000,4.3,69
2017-08-15,"DE","South",0,0,"N",945934,485,44,56
2017-08-15,"FL","South",1,100,"S",20271272,378,50.6,62
2017-08-15,"GA","South",1,0,"S",10214860,177,52.7,62
2017-08-15,"HI","West",0,0,"N",1431603,222,32.6,83
2017-08-15,"IA","Midwest",0,0,"N",3123899,55,55.1,27
2017-08-15,"ID","West",0,0,"N",1654930,20,68.3,34
2017-08-15,"IL","Midwest",0,0,"N",12859995,231,41,61
2017-08-15,"IN","Midwest",0,0,"N",6619680,184,60.1,37
2017-08-15,"KS","Midwest",0,0,"N",2911641,36,61.1,43
2017-08-15,"KY","South",0,0,"N",4425092,112,65.7,28
2017-08-15,"LA","South",0,0,"N",4670724,108,60.2,55
2017-08-15,"MA","Northeast",1,200,"L",6794422,871,35.3,49
2017-08-15,"MD","South",0,0,"N",6006401,618,36,66
2017-08-15,"ME","Northeast",0,0,"N",1329328,43,48.4,13
2017-08-15,"MI","Midwest",0,0,"N",9922576,175,50.1,42
2017-08-15,"MN","Midwest",0,0,"N",5489594,68,49.2,36
2017-08-15,"MO","Midwest",0,0,"N",6083672,88,59.8,36
2017-08-15,"MS","South",0,0,"N",2992333,63,59.1,54
2017-08-15,"MT","West",0,0,"N",1032949,7,61.1,26
2017-08-15,"NC","South",0,0,"N",8382993,212,51.9,56
2017-08-15,"ND","Midwest",0,0,"N",756927,10,69.8,27
2017-08-15,"NE","Midwest",0,0,"N",1896190,24,63.5,36
2017-08-15,"NH","Northeast",0,0,"N",1330608,148,49.8,18
2017-08-15,"NJ","Northeast",2,250,"L",8958013,1218,42.7,67
2017-08-15,"NM","West",0,0,"N",2085109,17,45.3,73
2017-08-15,"NV","West",0,0,"N",2890845,26,48.7,72
2017-08-15,"NY","Northeast",0,0,"N",19795791,420,38.2,70
2017-08-15,"OH","Midwest",0,0,"N",11613423,284,54.3,36
2017-08-15,"OK","South",0,0,"N",3911338,57,69.3,56
2017-08-15,"OR","West",1,0,"S",4028977,41,43.8,43
2017-08-15,"PA","Northeast",0,0,"N",12802503,286,50.4,41
2017-08-15,"RI","Northeast",0,0,"N",1056298,1021,41.7,51
2017-08-15,"SC","South",1,100,"S",4896146,162,57.5,53
2017-08-15,"SD","Midwest",0,0,"N",858469,11,66,33
2017-08-15,"TN","South",0,0,"N",6600299,160,63.6,43
2017-08-15,"TX","South",0,0,"N",27469114,105,54.7,70
2017-08-15,"UT","West",0,0,"N",2995919,36,62.4,42
2017-08-15,"VA","South",0,0,"N",10042802,206,47.2,58
2017-08-15,"VT","Northeast",0,0,"N",626042,67,34.8,13
2017-08-15,"WA","West",0,0,"N",7170351,107,41.2,53
2017-08-15,"WI","Midwest",1,100,"S",5771337,106,50.4,35
2017-08-15,"WV","South",0,0,"N",1844128,76,72.2,15
2017-08-15,"WY","West",0,0,"N",586107,6,75.7,31
2017-08-16,"AK","West",0,0,"N",738432,1,58.4,61
2017-08-16,"AL","South",0,0,"N",4858979,95,64.4,50
2017-08-16,"AR","South",0,0,"N",2978204,57,64.3,46
2017-08-16,"AZ","West",0,0,"N",6828065,60,51.9,65
2017-08-16,"CA","West",3,143,"S",39144818,251,33.9,79
2017-08-16,"CO","West",0,0,"N",5456574,52,47.3,52
2017-08-16,"CT","Northeast",0,0,"N",3590886,741,42.9,56
2017-08-16,"DC","South",1,30,"S",672228,11000,4.3,69
2017-08-16,"DE","South",0,0,"N",945934,485,44,56
2017-08-16,"FL","South",0,0,"N",20271272,378,50.6,62
2017-08-16,"GA","South",0,0,"N",10214860,177,52.7,62
2017-08-16,"HI","West",0,0,"N",1431603,222,32.6,83
2017-08-16,"IA","Midwest",0,0,"N",3123899,55,55.1,27
2017-08-16,"ID","West",0,0,"N",1654930,20,68.3,34
2017-08-16,"IL","Midwest",0,0,"N",12859995,231,41,61
2017-08-16,"IN","Midwest",0,0,"N",6619680,184,60.1,37
2017-08-16,"KS","Midwest",0,0,"N",2911641,36,61.1,43
2017-08-16,"KY","South",0,0,"N",4425092,112,65.7,28
2017-08-16,"LA","South",0,0,"N",4670724,108,60.2,55
2017-08-16,"MA","Northeast",2,600,"L",6794422,871,35.3,49
2017-08-16,"MD","South",0,0,"N",6006401,618,36,66
2017-08-16,"ME","Northeast",0,0,"N",1329328,43,48.4,13
2017-08-16,"MI","Midwest",1,200,"L",9922576,175,50.1,42
2017-08-16,"MN","Midwest",0,0,"N",5489594,68,49.2,36
2017-08-16,"MO","Midwest",0,0,"N",6083672,88,59.8,36
2017-08-16,"MS","South",1,100,"S",2992333,63,59.1,54
2017-08-16,"MT","West",0,0,"N",1032949,7,61.1,26
2017-08-16,"NC","South",0,0,"N",8382993,212,51.9,56
2017-08-16,"ND","Midwest",0,0,"N",756927,10,69.8,27
2017-08-16,"NE","Midwest",0,0,"N",1896190,24,63.5,36
2017-08-16,"NH","Northeast",0,0,"N",1330608,148,49.8,18
2017-08-16,"NJ","Northeast",0,0,"N",8958013,1218,42.7,67
2017-08-16,"NM","West",0,0,"N",2085109,17,45.3,73
2017-08-16,"NV","West",0,0,"N",2890845,26,48.7,72
2017-08-16,"NY","Northeast",0,0,"N",19795791,420,38.2,70
2017-08-16,"OH","Midwest",1,20,"S",11613423,284,54.3,36
2017-08-16,"OK","South",0,0,"N",3911338,57,69.3,56
2017-08-16,"OR","West",0,0,"N",4028977,41,43.8,43
2017-08-16,"PA","Northeast",1,2000,"L",12802503,286,50.4,41
2017-08-16,"RI","Northeast",0,0,"N",1056298,1021,41.7,51
2017-08-16,"SC","South",0,0,"N",4896146,162,57.5,53
2017-08-16,"SD","Midwest",0,0,"N",858469,11,66,33
2017-08-16,"TN","South",0,0,"N",6600299,160,63.6,43
2017-08-16,"TX","South",0,0,"N",27469114,105,54.7,70
2017-08-16,"UT","West",0,0,"N",2995919,36,62.4,42
2017-08-16,"VA","South",1,1000,"L",10042802,206,47.2,58
2017-08-16,"VT","Northeast",0,0,"N",626042,67,34.8,13
2017-08-16,"WA","West",2,56,"S",7170351,107,41.2,53
2017-08-16,"WI","Midwest",0,0,"N",5771337,106,50.4,35
2017-08-16,"WV","South",0,0,"N",1844128,76,72.2,15
2017-08-16,"WY","West",0,0,"N",586107,6,75.7,31
2017-08-17,"AK","West",0,0,"N",738432,1,58.4,61
2017-08-17,"AL","South",0,0,"N",4858979,95,64.4,50
2017-08-17,"AR","South",0,0,"N",2978204,57,64.3,46
2017-08-17,"AZ","West",0,0,"N",6828065,60,51.9,65
2017-08-17,"CA","West",1,55,"S",39144818,251,33.9,79
2017-08-17,"CO","West",0,0,"N",5456574,52,47.3,52
2017-08-17,"CT","Northeast",0,0,"N",3590886,741,42.9,56
2017-08-17,"DC","South",0,0,"N",672228,11000,4.3,69
2017-08-17,"DE","South",0,0,"N",945934,485,44,56
2017-08-17,"FL","South",0,0,"N",20271272,378,50.6,62
2017-08-17,"GA","South",0,0,"N",10214860,177,52.7,62
2017-08-17,"HI","West",0,0,"N",1431603,222,32.6,83
2017-08-17,"IA","Midwest",0,0,"N",3123899,55,55.1,27
2017-08-17,"ID","West",0,0,"N",1654930,20,68.3,34
2017-08-17,"IL","Midwest",0,0,"N",12859995,231,41,61
2017-08-17,"IN","Midwest",0,0,"N",6619680,184,60.1,37
2017-08-17,"KS","Midwest",0,0,"N",2911641,36,61.1,43
2017-08-17,"KY","South",1,50,"S",4425092,112,65.7,28
2017-08-17,"LA","South",0,0,"N",4670724,108,60.2,55
2017-08-17,"MA","Northeast",0,0,"N",6794422,871,35.3,49
2017-08-17,"MD","South",0,0,"N",6006401,618,36,66
2017-08-17,"ME","Northeast",0,0,"N",1329328,43,48.4,13
2017-08-17,"MI","Midwest",0,0,"N",9922576,175,50.1,42
2017-08-17,"MN","Midwest",0,0,"N",5489594,68,49.2,36
2017-08-17,"MO","Midwest",0,0,"N",6083672,88,59.8,36
2017-08-17,"MS","South",0,0,"N",2992333,63,59.1,54
2017-08-17,"MT","West",0,0,"N",1032949,7,61.1,26
2017-08-17,"NC","South",0,0,"N",8382993,212,51.9,56
2017-08-17,"ND","Midwest",0,0,"N",756927,10,69.8,27
2017-08-17,"NE","Midwest",0,0,"N",1896190,24,63.5,36
2017-08-17,"NH","Northeast",0,0,"N",1330608,148,49.8,18
2017-08-17,"NJ","Northeast",0,0,"N",8958013,1218,42.7,67
2017-08-17,"NM","West",0,0,"N",2085109,17,45.3,73
2017-08-17,"NV","West",0,0,"N",2890845,26,48.7,72
2017-08-17,"NY","Northeast",0,0,"N",19795791,420,38.2,70
2017-08-17,"OH","Midwest",0,0,"N",11613423,284,54.3,36
2017-08-17,"OK","South",0,0,"N",3911338,57,69.3,56
2017-08-17,"OR","West",0,0,"N",4028977,41,43.8,43
2017-08-17,"PA","Northeast",0,0,"N",12802503,286,50.4,41
2017-08-17,"RI","Northeast",0,0,"N",1056298,1021,41.7,51
2017-08-17,"SC","South",0,0,"N",4896146,162,57.5,53
2017-08-17,"SD","Midwest",0,0,"N",858469,11,66,33
2017-08-17,"TN","South",1,100,"S",6600299,160,63.6,43
2017-08-17,"TX","South",0,0,"N",27469114,105,54.7,70
2017-08-17,"UT","West",0,0,"N",2995919,36,62.4,42
2017-08-17,"VA","South",1,50,"S",10042802,206,47.2,58
2017-08-17,"VT","Northeast",0,0,"N",626042,67,34.8,13
2017-08-17,"WA","West",0,0,"N",7170351,107,41.2,53
2017-08-17,"WI","Midwest",0,0,"N",5771337,106,50.4,35
2017-08-17,"WV","South",0,0,"N",1844128,76,72.2,15
2017-08-17,"WY","West",0,0,"N",586107,6,75.7,31
2017-08-18,"AK","West",0,0,"N",738432,1,58.4,61
2017-08-18,"AL","South",0,0,"N",4858979,95,64.4,50
2017-08-18,"AR","South",0,0,"N",2978204,57,64.3,46
2017-08-18,"AZ","West",0,0,"N",6828065,60,51.9,65
2017-08-18,"CA","West",1,100,"S",39144818,251,33.9,79
2017-08-18,"CO","West",0,0,"N",5456574,52,47.3,52
2017-08-18,"CT","Northeast",0,0,"N",3590886,741,42.9,56
2017-08-18,"DC","South",0,0,"N",672228,11000,4.3,69
2017-08-18,"DE","South",0,0,"N",945934,485,44,56
2017-08-18,"FL","South",0,0,"N",20271272,378,50.6,62
2017-08-18,"GA","South",0,0,"N",10214860,177,52.7,62
2017-08-18,"HI","West",0,0,"N",1431603,222,32.6,83
2017-08-18,"IA","Midwest",0,0,"N",3123899,55,55.1,27
2017-08-18,"ID","West",0,0,"N",1654930,20,68.3,34
2017-08-18,"IL","Midwest",0,0,"N",12859995,231,41,61
2017-08-18,"IN","Midwest",0,0,"N",6619680,184,60.1,37
2017-08-18,"KS","Midwest",0,0,"N",2911641,36,61.1,43
2017-08-18,"KY","South",0,0,"N",4425092,112,65.7,28
2017-08-18,"LA","South",0,0,"N",4670724,108,60.2,55
2017-08-18,"MA","Northeast",1,50,"S",6794422,871,35.3,49
2017-08-18,"MD","South",0,0,"N",6006401,618,36,66
2017-08-18,"ME","Northeast",0,0,"N",1329328,43,48.4,13
2017-08-18,"MI","Midwest",0,0,"N",9922576,175,50.1,42
2017-08-18,"MN","Midwest",0,0,"N",5489594,68,49.2,36
2017-08-18,"MO","Midwest",0,0,"N",6083672,88,59.8,36
2017-08-18,"MS","South",0,0,"N",2992333,63,59.1,54
2017-08-18,"MT","West",0,0,"N",1032949,7,61.1,26
2017-08-18,"NC","South",1,100,"S",8382993,212,51.9,56
2017-08-18,"ND","Midwest",0,0,"N",756927,10,69.8,27
2017-08-18,"NE","Midwest",0,0,"N",1896190,24,63.5,36
2017-08-18,"NH","Northeast",0,0,"N",1330608,148,49.8,18
2017-08-18,"NJ","Northeast",0,0,"N",8958013,1218,42.7,67
2017-08-18,"NM","West",0,0,"N",2085109,17,45.3,73
2017-08-18,"NV","West",0,0,"N",2890845,26,48.7,72
2017-08-18,"NY","Northeast",0,0,"N",19795791,420,38.2,70
2017-08-18,"OH","Midwest",0,0,"N",11613423,284,54.3,36
2017-08-18,"OK","South",0,0,"N",3911338,57,69.3,56
2017-08-18,"OR","West",1,1000,"L",4028977,41,43.8,43
2017-08-18,"PA","Northeast",0,0,"N",12802503,286,50.4,41
2017-08-18,"RI","Northeast",0,0,"N",1056298,1021,41.7,51
2017-08-18,"SC","South",0,0,"N",4896146,162,57.5,53
2017-08-18,"SD","Midwest",0,0,"N",858469,11,66,33
2017-08-18,"TN","South",0,0,"N",6600299,160,63.6,43
2017-08-18,"TX","South",0,0,"N",27469114,105,54.7,70
2017-08-18,"UT","West",0,0,"N",2995919,36,62.4,42
2017-08-18,"VA","South",0,0,"N",10042802,206,47.2,58
2017-08-18,"VT","Northeast",0,0,"N",626042,67,34.8,13
2017-08-18,"WA","West",0,0,"N",7170351,107,41.2,53
2017-08-18,"WI","Midwest",1,125,"S",5771337,106,50.4,35
2017-08-18,"WV","South",0,0,"N",1844128,76,72.2,15
2017-08-18,"WY","West",0,0,"N",586107,6,75.7,31
2017-08-19,"AK","West",0,0,"N",738432,1,58.4,61
2017-08-19,"AL","South",0,0,"N",4858979,95,64.4,50
2017-08-19,"AR","South",1,100,"S",2978204,57,64.3,46
2017-08-19,"AZ","West",0,0,"N",6828065,60,51.9,65
2017-08-19,"CA","West",0,0,"N",39144818,251,33.9,79
2017-08-19,"CO","West",0,0,"N",5456574,52,47.3,52
2017-08-19,"CT","Northeast",0,0,"N",3590886,741,42.9,56
2017-08-19,"DC","South",0,0,"N",672228,11000,4.3,69
2017-08-19,"DE","South",0,0,"N",945934,485,44,56
2017-08-19,"FL","South",0,0,"N",20271272,378,50.6,62
2017-08-19,"GA","South",1,1000,"L",10214860,177,52.7,62
2017-08-19,"HI","West",0,0,"N",1431603,222,32.6,83
2017-08-19,"IA","Midwest",0,0,"N",3123899,55,55.1,27
2017-08-19,"ID","West",0,0,"N",1654930,20,68.3,34
2017-08-19,"IL","Midwest",0,0,"N",12859995,231,41,61
2017-08-19,"IN","Midwest",0,0,"N",6619680,184,60.1,37
2017-08-19,"KS","Midwest",0,0,"N",2911641,36,61.1,43
2017-08-19,"KY","South",0,0,"N",4425092,112,65.7,28
2017-08-19,"LA","South",0,0,"N",4670724,108,60.2,55
2017-08-19,"MA","Northeast",1,40000,"L",6794422,871,35.3,49
2017-08-19,"MD","South",0,0,"N",6006401,618,36,66
2017-08-19,"ME","Northeast",0,0,"N",1329328,43,48.4,13
2017-08-19,"MI","Midwest",2,320,"L",9922576,175,50.1,42
2017-08-19,"MN","Midwest",0,0,"N",5489594,68,49.2,36
2017-08-19,"MO","Midwest",0,0,"N",6083672,88,59.8,36
2017-08-19,"MS","South",0,0,"N",2992333,63,59.1,54
2017-08-19,"MT","West",0,0,"N",1032949,7,61.1,26
2017-08-19,"NC","South",0,0,"N",8382993,212,51.9,56
2017-08-19,"ND","Midwest",0,0,"N",756927,10,69.8,27
2017-08-19,"NE","Midwest",0,0,"N",1896190,24,63.5,36
2017-08-19,"NH","Northeast",0,0,"N",1330608,148,49.8,18
2017-08-19,"NJ","Northeast",0,0,"N",8958013,1218,42.7,67
2017-08-19,"NM","West",0,0,"N",2085109,17,45.3,73
2017-08-19,"NV","West",0,0,"N",2890845,26,48.7,72
2017-08-19,"NY","Northeast",1,38,"S",19795791,420,38.2,70
2017-08-19,"OH","Midwest",1,24,"S",11613423,284,54.3,36
2017-08-19,"OK","South",0,0,"N",3911338,57,69.3,56
2017-08-19,"OR","West",0,0,"N",4028977,41,43.8,43
2017-08-19,"PA","Northeast",1,300,"L",12802503,286,50.4,41
2017-08-19,"RI","Northeast",0,0,"N",1056298,1021,41.7,51
2017-08-19,"SC","South",0,0,"N",4896146,162,57.5,53
2017-08-19,"SD","Midwest",0,0,"N",858469,11,66,33
2017-08-19,"TN","South",0,0,"N",6600299,160,63.6,43
2017-08-19,"TX","South",2,1300,"L",27469114,105,54.7,70
2017-08-19,"UT","West",0,0,"N",2995919,36,62.4,42
2017-08-19,"VA","South",1,100,"S",10042802,206,47.2,58
2017-08-19,"VT","Northeast",0,0,"N",626042,67,34.8,13
2017-08-19,"WA","West",0,0,"N",7170351,107,41.2,53
2017-08-19,"WI","Midwest",0,0,"N",5771337,106,50.4,35
2017-08-19,"WV","South",0,0,"N",1844128,76,72.2,15
2017-08-19,"WY","West",0,0,"N",586107,6,75.7,31
2017-08-20,"AK","West",0,0,"N",738432,1,58.4,61
2017-08-20,"AL","South",0,0,"N",4858979,95,64.4,50
2017-08-20,"AR","South",0,0,"N",2978204,57,64.3,46
2017-08-20,"AZ","West",0,0,"N",6828065,60,51.9,65
2017-08-20,"CA","West",0,0,"N",39144818,251,33.9,79
2017-08-20,"CO","West",0,0,"N",5456574,52,47.3,52
2017-08-20,"CT","Northeast",0,0,"N",3590886,741,42.9,56
2017-08-20,"DC","South",0,0,"N",672228,11000,4.3,69
2017-08-20,"DE","South",0,0,"N",945934,485,44,56
2017-08-20,"FL","South",0,0,"N",20271272,378,50.6,62
2017-08-20,"GA","South",0,0,"N",10214860,177,52.7,62
2017-08-20,"HI","West",0,0,"N",1431603,222,32.6,83
2017-08-20,"IA","Midwest",0,0,"N",3123899,55,55.1,27
2017-08-20,"ID","West",0,0,"N",1654930,20,68.3,34
2017-08-20,"IL","Midwest",0,0,"N",12859995,231,41,61
2017-08-20,"IN","Midwest",0,0,"N",6619680,184,60.1,37
2017-08-20,"KS","Midwest",0,0,"N",2911641,36,61.1,43
2017-08-20,"KY","South",0,0,"N",4425092,112,65.7,28
2017-08-20,"LA","South",0,0,"N",4670724,108,60.2,55
2017-08-20,"MA","Northeast",0,0,"N",6794422,871,35.3,49
2017-08-20,"MD","South",0,0,"N",6006401,618,36,66
2017-08-20,"ME","Northeast",1,1500,"L",1329328,43,48.4,13
2017-08-20,"MI","Midwest",0,0,"N",9922576,175,50.1,42
2017-08-20,"MN","Midwest",0,0,"N",5489594,68,49.2,36
2017-08-20,"MO","Midwest",0,0,"N",6083672,88,59.8,36
2017-08-20,"MS","South",1,0,"S",2992333,63,59.1,54
2017-08-20,"MT","West",0,0,"N",1032949,7,61.1,26
2017-08-20,"NC","South",0,0,"N",8382993,212,51.9,56
2017-08-20,"ND","Midwest",0,0,"N",756927,10,69.8,27
2017-08-20,"NE","Midwest",0,0,"N",1896190,24,63.5,36
2017-08-20,"NH","Northeast",0,0,"N",1330608,148,49.8,18
2017-08-20,"NJ","Northeast",0,0,"N",8958013,1218,42.7,67
2017-08-20,"NM","West",0,0,"N",2085109,17,45.3,73
2017-08-20,"NV","West",0,0,"N",2890845,26,48.7,72
2017-08-20,"NY","Northeast",0,0,"N",19795791,420,38.2,70
2017-08-20,"OH","Midwest",0,0,"N",11613423,284,54.3,36
2017-08-20,"OK","South",0,0,"N",3911338,57,69.3,56
2017-08-20,"OR","West",0,0,"N",4028977,41,43.8,43
2017-08-20,"PA","Northeast",0,0,"N",12802503,286,50.4,41
2017-08-20,"RI","Northeast",0,0,"N",1056298,1021,41.7,51
2017-08-20,"SC","South",0,0,"N",4896146,162,57.5,53
2017-08-20,"SD","Midwest",0,0,"N",858469,11,66,33
2017-08-20,"TN","South",0,0,"N",6600299,160,63.6,43
2017-08-20,"TX","South",0,0,"N",27469114,105,54.7,70
2017-08-20,"UT","West",0,0,"N",2995919,36,62.4,42
2017-08-20,"VA","South",0,0,"N",10042802,206,47.2,58
2017-08-20,"VT","Northeast",0,0,"N",626042,67,34.8,13
2017-08-20,"WA","West",0,0,"N",7170351,107,41.2,53
2017-08-20,"WI","Midwest",0,0,"N",5771337,106,50.4,35
2017-08-20,"WV","South",1,400,"L",1844128,76,72.2,15
2017-08-20,"WY","West",0,0,"N",586107,6,75.7,31
2017-08-21,"AK","West",0,0,"N",738432,1,58.4,61
2017-08-21,"AL","South",0,0,"N",4858979,95,64.4,50
2017-08-21,"AR","South",0,0,"N",2978204,57,64.3,46
2017-08-21,"AZ","West",0,0,"N",6828065,60,51.9,65
2017-08-21,"CA","West",0,0,"N",39144818,251,33.9,79
2017-08-21,"CO","West",0,0,"N",5456574,52,47.3,52
2017-08-21,"CT","Northeast",0,0,"N",3590886,741,42.9,56
2017-08-21,"DC","South",0,0,"N",672228,11000,4.3,69
2017-08-21,"DE","South",0,0,"N",945934,485,44,56
2017-08-21,"FL","South",1,100,"S",20271272,378,50.6,62
2017-08-21,"GA","South",0,0,"N",10214860,177,52.7,62
2017-08-21,"HI","West",0,0,"N",1431603,222,32.6,83
2017-08-21,"IA","Midwest",0,0,"N",3123899,55,55.1,27
2017-08-21,"ID","West",0,0,"N",1654930,20,68.3,34
2017-08-21,"IL","Midwest",0,0,"N",12859995,231,41,61
2017-08-21,"IN","Midwest",0,0,"N",6619680,184,60.1,37
2017-08-21,"KS","Midwest",0,0,"N",2911641,36,61.1,43
2017-08-21,"KY","South",0,0,"N",4425092,112,65.7,28
2017-08-21,"LA","South",0,0,"N",4670724,108,60.2,55
2017-08-21,"MA","Northeast",0,0,"N",6794422,871,35.3,49
2017-08-21,"MD","South",0,0,"N",6006401,618,36,66
2017-08-21,"ME","Northeast",0,0,"N",1329328,43,48.4,13
2017-08-21,"MI","Midwest",0,0,"N",9922576,175,50.1,42
2017-08-21,"MN","Midwest",0,0,"N",5489594,68,49.2,36
2017-08-21,"MO","Midwest",0,0,"N",6083672,88,59.8,36
2017-08-21,"MS","South",0,0,"N",2992333,63,59.1,54
2017-08-21,"MT","West",0,0,"N",1032949,7,61.1,26
2017-08-21,"NC","South",0,0,"N",8382993,212,51.9,56
2017-08-21,"ND","Midwest",0,0,"N",756927,10,69.8,27
2017-08-21,"NE","Midwest",0,0,"N",1896190,24,63.5,36
2017-08-21,"NH","Northeast",0,0,"N",1330608,148,49.8,18
2017-08-21,"NJ","Northeast",0,0,"N",8958013,1218,42.7,67
2017-08-21,"NM","West",0,0,"N",2085109,17,45.3,73
2017-08-21,"NV","West",0,0,"N",2890845,26,48.7,72
2017-08-21,"NY","Northeast",0,0,"N",19795791,420,38.2,70
2017-08-21,"OH","Midwest",0,0,"N",11613423,284,54.3,36
2017-08-21,"OK","South",0,0,"N",3911338,57,69.3,56
2017-08-21,"OR","West",0,0,"N",4028977,41,43.8,43
2017-08-21,"PA","Northeast",0,0,"N",12802503,286,50.4,41
2017-08-21,"RI","Northeast",0,0,"N",1056298,1021,41.7,51
2017-08-21,"SC","South",0,0,"N",4896146,162,57.5,53
2017-08-21,"SD","Midwest",0,0,"N",858469,11,66,33
2017-08-21,"TN","South",0,0,"N",6600299,160,63.6,43
2017-08-21,"TX","South",0,0,"N",27469114,105,54.7,70
2017-08-21,"UT","West",0,0,"N",2995919,36,62.4,42
2017-08-21,"VA","South",0,0,"N",10042802,206,47.2,58
2017-08-21,"VT","Northeast",0,0,"N",626042,67,34.8,13
2017-08-21,"WA","West",0,0,"N",7170351,107,41.2,53
2017-08-21,"WI","Midwest",0,0,"N",5771337,106,50.4,35
2017-08-21,"WV","South",0,0,"N",1844128,76,72.2,15
2017-08-21,"WY","West",0,0,"N",586107,6,75.7,31
2017-08-22,"AK","West",0,0,"N",738432,1,58.4,61
2017-08-22,"AL","South",0,0,"N",4858979,95,64.4,50
2017-08-22,"AR","South",0,0,"N",2978204,57,64.3,46
2017-08-22,"AZ","West",1,500,"L",6828065,60,51.9,65
2017-08-22,"CA","West",0,0,"N",39144818,251,33.9,79
2017-08-22,"CO","West",0,0,"N",5456574,52,47.3,52
2017-08-22,"CT","Northeast",0,0,"N",3590886,741,42.9,56
2017-08-22,"DC","South",0,0,"N",672228,11000,4.3,69
2017-08-22,"DE","South",0,0,"N",945934,485,44,56
2017-08-22,"FL","South",0,0,"N",20271272,378,50.6,62
2017-08-22,"GA","South",0,0,"N",10214860,177,52.7,62
2017-08-22,"HI","West",0,0,"N",1431603,222,32.6,83
2017-08-22,"IA","Midwest",0,0,"N",3123899,55,55.1,27
2017-08-22,"ID","West",0,0,"N",1654930,20,68.3,34
2017-08-22,"IL","Midwest",0,0,"N",12859995,231,41,61
2017-08-22,"IN","Midwest",0,0,"N",6619680,184,60.1,37
2017-08-22,"KS","Midwest",0,0,"N",2911641,36,61.1,43
2017-08-22,"KY","South",0,0,"N",4425092,112,65.7,28
2017-08-22,"LA","South",0,0,"N",4670724,108,60.2,55
2017-08-22,"MA","Northeast",0,0,"N",6794422,871,35.3,49
2017-08-22,"MD","South",0,0,"N",6006401,618,36,66
2017-08-22,"ME","Northeast",0,0,"N",1329328,43,48.4,13
2017-08-22,"MI","Midwest",0,0,"N",9922576,175,50.1,42
2017-08-22,"MN","Midwest",0,0,"N",5489594,68,49.2,36
2017-08-22,"MO","Midwest",0,0,"N",6083672,88,59.8,36
2017-08-22,"MS","South",0,0,"N",2992333,63,59.1,54
2017-08-22,"MT","West",0,0,"N",1032949,7,61.1,26
2017-08-22,"NC","South",1,100,"S",8382993,212,51.9,56
2017-08-22,"ND","Midwest",0,0,"N",756927,10,69.8,27
2017-08-22,"NE","Midwest",0,0,"N",1896190,24,63.5,36
2017-08-22,"NH","Northeast",0,0,"N",1330608,148,49.8,18
2017-08-22,"NJ","Northeast",0,0,"N",8958013,1218,42.7,67
2017-08-22,"NM","West",0,0,"N",2085109,17,45.3,73
2017-08-22,"NV","West",0,0,"N",2890845,26,48.7,72
2017-08-22,"NY","Northeast",0,0,"N",19795791,420,38.2,70
2017-08-22,"OH","Midwest",0,0,"N",11613423,284,54.3,36
2017-08-22,"OK","South",0,0,"N",3911338,57,69.3,56
2017-08-22,"OR","West",0,0,"N",4028977,41,43.8,43
2017-08-22,"PA","Northeast",0,0,"N",12802503,286,50.4,41
2017-08-22,"RI","Northeast",0,0,"N",1056298,1021,41.7,51
2017-08-22,"SC","South",0,0,"N",4896146,162,57.5,53
2017-08-22,"SD","Midwest",0,0,"N",858469,11,66,33
2017-08-22,"TN","South",0,0,"N",6600299,160,63.6,43
2017-08-22,"TX","South",0,0,"N",27469114,105,54.7,70
2017-08-22,"UT","West",0,0,"N",2995919,36,62.4,42
2017-08-22,"VA","South",0,0,"N",10042802,206,47.2,58
2017-08-22,"VT","Northeast",0,0,"N",626042,67,34.8,13
2017-08-22,"WA","West",0,0,"N",7170351,107,41.2,53
2017-08-22,"WI","Midwest",0,0,"N",5771337,106,50.4,35
2017-08-22,"WV","South",0,0,"N",1844128,76,72.2,15
2017-08-22,"WY","West",0,0,"N",586107,6,75.7,31
2017-08-23,"AK","West",0,0,"N",738432,1,58.4,61
2017-08-23,"AL","South",0,0,"N",4858979,95,64.4,50
2017-08-23,"AR","South",0,0,"N",2978204,57,64.3,46
2017-08-23,"AZ","West",0,0,"N",6828065,60,51.9,65
2017-08-23,"CA","West",0,0,"N",39144818,251,33.9,79
2017-08-23,"CO","West",0,0,"N",5456574,52,47.3,52
2017-08-23,"CT","Northeast",0,0,"N",3590886,741,42.9,56
2017-08-23,"DC","South",0,0,"N",672228,11000,4.3,69
2017-08-23,"DE","South",0,0,"N",945934,485,44,56
2017-08-23,"FL","South",0,0,"N",20271272,378,50.6,62
2017-08-23,"GA","South",0,0,"N",10214860,177,52.7,62
2017-08-23,"HI","West",0,0,"N",1431603,222,32.6,83
2017-08-23,"IA","Midwest",0,0,"N",3123899,55,55.1,27
2017-08-23,"ID","West",0,0,"N",1654930,20,68.3,34
2017-08-23,"IL","Midwest",0,0,"N",12859995,231,41,61
2017-08-23,"IN","Midwest",0,0,"N",6619680,184,60.1,37
2017-08-23,"KS","Midwest",0,0,"N",2911641,36,61.1,43
2017-08-23,"KY","South",0,0,"N",4425092,112,65.7,28
2017-08-23,"LA","South",0,0,"N",4670724,108,60.2,55
2017-08-23,"MA","Northeast",0,0,"N",6794422,871,35.3,49
2017-08-23,"MD","South",0,0,"N",6006401,618,36,66
2017-08-23,"ME","Northeast",0,0,"N",1329328,43,48.4,13
2017-08-23,"MI","Midwest",0,0,"N",9922576,175,50.1,42
2017-08-23,"MN","Midwest",0,0,"N",5489594,68,49.2,36
2017-08-23,"MO","Midwest",0,0,"N",6083672,88,59.8,36
2017-08-23,"MS","South",0,0,"N",2992333,63,59.1,54
2017-08-23,"MT","West",0,0,"N",1032949,7,61.1,26
2017-08-23,"NC","South",0,0,"N",8382993,212,51.9,56
2017-08-23,"ND","Midwest",0,0,"N",756927,10,69.8,27
2017-08-23,"NE","Midwest",0,0,"N",1896190,24,63.5,36
2017-08-23,"NH","Northeast",0,0,"N",1330608,148,49.8,18
2017-08-23,"NJ","Northeast",0,0,"N",8958013,1218,42.7,67
2017-08-23,"NM","West",0,0,"N",2085109,17,45.3,73
2017-08-23,"NV","West",0,0,"N",2890845,26,48.7,72
2017-08-23,"NY","Northeast",0,0,"N",19795791,420,38.2,70
2017-08-23,"OH","Midwest",0,0,"N",11613423,284,54.3,36
2017-08-23,"OK","South",0,0,"N",3911338,57,69.3,56
2017-08-23,"OR","West",0,0,"N",4028977,41,43.8,43
2017-08-23,"PA","Northeast",0,0,"N",12802503,286,50.4,41
2017-08-23,"RI","Northeast",0,0,"N",1056298,1021,41.7,51
2017-08-23,"SC","South",0,0,"N",4896146,162,57.5,53
2017-08-23,"SD","Midwest",0,0,"N",858469,11,66,33
2017-08-23,"TN","South",0,0,"N",6600299,160,63.6,43
2017-08-23,"TX","South",0,0,"N",27469114,105,54.7,70
2017-08-23,"UT","West",0,0,"N",2995919,36,62.4,42
2017-08-23,"VA","South",0,0,"N",10042802,206,47.2,58
2017-08-23,"VT","Northeast",0,0,"N",626042,67,34.8,13
2017-08-23,"WA","West",0,0,"N",7170351,107,41.2,53
2017-08-23,"WI","Midwest",0,0,"N",5771337,106,50.4,35
2017-08-23,"WV","South",0,0,"N",1844128,76,72.2,15
2017-08-23,"WY","West",0,0,"N",586107,6,75.7,31
2017-08-24,"AK","West",0,0,"N",738432,1,58.4,61
2017-08-24,"AL","South",0,0,"N",4858979,95,64.4,50
2017-08-24,"AR","South",0,0,"N",2978204,57,64.3,46
2017-08-24,"AZ","West",0,0,"N",6828065,60,51.9,65
2017-08-24,"CA","West",0,0,"N",39144818,251,33.9,79
2017-08-24,"CO","West",0,0,"N",5456574,52,47.3,52
2017-08-24,"CT","Northeast",0,0,"N",3590886,741,42.9,56
2017-08-24,"DC","South",0,0,"N",672228,11000,4.3,69
2017-08-24,"DE","South",0,0,"N",945934,485,44,56
2017-08-24,"FL","South",0,0,"N",20271272,378,50.6,62
2017-08-24,"GA","South",0,0,"N",10214860,177,52.7,62
2017-08-24,"HI","West",0,0,"N",1431603,222,32.6,83
2017-08-24,"IA","Midwest",0,0,"N",3123899,55,55.1,27
2017-08-24,"ID","West",0,0,"N",1654930,20,68.3,34
2017-08-24,"IL","Midwest",0,0,"N",12859995,231,41,61
2017-08-24,"IN","Midwest",0,0,"N",6619680,184,60.1,37
2017-08-24,"KS","Midwest",0,0,"N",2911641,36,61.1,43
2017-08-24,"KY","South",0,0,"N",4425092,112,65.7,28
2017-08-24,"LA","South",0,0,"N",4670724,108,60.2,55
2017-08-24,"MA","Northeast",0,0,"N",6794422,871,35.3,49
2017-08-24,"MD","South",0,0,"N",6006401,618,36,66
2017-08-24,"ME","Northeast",0,0,"N",1329328,43,48.4,13
2017-08-24,"MI","Midwest",0,0,"N",9922576,175,50.1,42
2017-08-24,"MN","Midwest",0,0,"N",5489594,68,49.2,36
2017-08-24,"MO","Midwest",0,0,"N",6083672,88,59.8,36
2017-08-24,"MS","South",0,0,"N",2992333,63,59.1,54
2017-08-24,"MT","West",0,0,"N",1032949,7,61.1,26
2017-08-24,"NC","South",0,0,"N",8382993,212,51.9,56
2017-08-24,"ND","Midwest",0,0,"N",756927,10,69.8,27
2017-08-24,"NE","Midwest",0,0,"N",1896190,24,63.5,36
2017-08-24,"NH","Northeast",0,0,"N",1330608,148,49.8,18
2017-08-24,"NJ","Northeast",0,0,"N",8958013,1218,42.7,67
2017-08-24,"NM","West",0,0,"N",2085109,17,45.3,73
2017-08-24,"NV","West",0,0,"N",2890845,26,48.7,72
2017-08-24,"NY","Northeast",0,0,"N",19795791,420,38.2,70
2017-08-24,"OH","Midwest",0,0,"N",11613423,284,54.3,36
2017-08-24,"OK","South",0,0,"N",3911338,57,69.3,56
2017-08-24,"OR","West",0,0,"N",4028977,41,43.8,43
2017-08-24,"PA","Northeast",0,0,"N",12802503,286,50.4,41
2017-08-24,"RI","Northeast",0,0,"N",1056298,1021,41.7,51
2017-08-24,"SC","South",0,0,"N",4896146,162,57.5,53
2017-08-24,"SD","Midwest",0,0,"N",858469,11,66,33
2017-08-24,"TN","South",0,0,"N",6600299,160,63.6,43
2017-08-24,"TX","South",0,0,"N",27469114,105,54.7,70
2017-08-24,"UT","West",0,0,"N",2995919,36,62.4,42
2017-08-24,"VA","South",0,0,"N",10042802,206,47.2,58
2017-08-24,"VT","Northeast",0,0,"N",626042,67,34.8,13
2017-08-24,"WA","West",0,0,"N",7170351,107,41.2,53
2017-08-24,"WI","Midwest",0,0,"N",5771337,106,50.4,35
2017-08-24,"WV","South",0,0,"N",1844128,76,72.2,15
2017-08-24,"WY","West",0,0,"N",586107,6,75.7,31
2017-08-25,"AK","West",0,0,"N",738432,1,58.4,61
2017-08-25,"AL","South",0,0,"N",4858979,95,64.4,50
2017-08-25,"AR","South",0,0,"N",2978204,57,64.3,46
2017-08-25,"AZ","West",0,0,"N",6828065,60,51.9,65
2017-08-25,"CA","West",0,0,"N",39144818,251,33.9,79
2017-08-25,"CO","West",0,0,"N",5456574,52,47.3,52
2017-08-25,"CT","Northeast",0,0,"N",3590886,741,42.9,56
2017-08-25,"DC","South",0,0,"N",672228,11000,4.3,69
2017-08-25,"DE","South",0,0,"N",945934,485,44,56
2017-08-25,"FL","South",0,0,"N",20271272,378,50.6,62
2017-08-25,"GA","South",0,0,"N",10214860,177,52.7,62
2017-08-25,"HI","West",0,0,"N",1431603,222,32.6,83
2017-08-25,"IA","Midwest",0,0,"N",3123899,55,55.1,27
2017-08-25,"ID","West",0,0,"N",1654930,20,68.3,34
2017-08-25,"IL","Midwest",0,0,"N",12859995,231,41,61
2017-08-25,"IN","Midwest",0,0,"N",6619680,184,60.1,37
2017-08-25,"KS","Midwest",0,0,"N",2911641,36,61.1,43
2017-08-25,"KY","South",0,0,"N",4425092,112,65.7,28
2017-08-25,"LA","South",0,0,"N",4670724,108,60.2,55
2017-08-25,"MA","Northeast",0,0,"N",6794422,871,35.3,49
2017-08-25,"MD","South",0,0,"N",6006401,618,36,66
2017-08-25,"ME","Northeast",0,0,"N",1329328,43,48.4,13
2017-08-25,"MI","Midwest",0,0,"N",9922576,175,50.1,42
2017-08-25,"MN","Midwest",0,0,"N",5489594,68,49.2,36
2017-08-25,"MO","Midwest",0,0,"N",6083672,88,59.8,36
2017-08-25,"MS","South",0,0,"N",2992333,63,59.1,54
2017-08-25,"MT","West",0,0,"N",1032949,7,61.1,26
2017-08-25,"NC","South",0,0,"N",8382993,212,51.9,56
2017-08-25,"ND","Midwest",0,0,"N",756927,10,69.8,27
2017-08-25,"NE","Midwest",0,0,"N",1896190,24,63.5,36
2017-08-25,"NH","Northeast",0,0,"N",1330608,148,49.8,18
2017-08-25,"NJ","Northeast",0,0,"N",8958013,1218,42.7,67
2017-08-25,"NM","West",0,0,"N",2085109,17,45.3,73
2017-08-25,"NV","West",0,0,"N",2890845,26,48.7,72
2017-08-25,"NY","Northeast",0,0,"N",19795791,420,38.2,70
2017-08-25,"OH","Midwest",0,0,"N",11613423,284,54.3,36
2017-08-25,"OK","South",0,0,"N",3911338,57,69.3,56
2017-08-25,"OR","West",0,0,"N",4028977,41,43.8,43
2017-08-25,"PA","Northeast",0,0,"N",12802503,286,50.4,41
2017-08-25,"RI","Northeast",0,0,"N",1056298,1021,41.7,51
2017-08-25,"SC","South",0,0,"N",4896146,162,57.5,53
2017-08-25,"SD","Midwest",0,0,"N",858469,11,66,33
2017-08-25,"TN","South",0,0,"N",6600299,160,63.6,43
2017-08-25,"TX","South",0,0,"N",27469114,105,54.7,70
2017-08-25,"UT","West",0,0,"N",2995919,36,62.4,42
2017-08-25,"VA","South",0,0,"N",10042802,206,47.2,58
2017-08-25,"VT","Northeast",0,0,"N",626042,67,34.8,13
2017-08-25,"WA","West",1,100,"S",7170351,107,41.2,53
2017-08-25,"WI","Midwest",0,0,"N",5771337,106,50.4,35
2017-08-25,"WV","South",0,0,"N",1844128,76,72.2,15
2017-08-25,"WY","West",0,0,"N",586107,6,75.7,31
2017-08-26,"AK","West",0,0,"N",738432,1,58.4,61
2017-08-26,"AL","South",0,0,"N",4858979,95,64.4,50
2017-08-26,"AR","South",0,0,"N",2978204,57,64.3,46
2017-08-26,"AZ","West",0,0,"N",6828065,60,51.9,65
2017-08-26,"CA","West",1,13000,"L",39144818,251,33.9,79
2017-08-26,"CO","West",0,0,"N",5456574,52,47.3,52
2017-08-26,"CT","Northeast",0,0,"N",3590886,741,42.9,56
2017-08-26,"DC","South",0,0,"N",672228,11000,4.3,69
2017-08-26,"DE","South",0,0,"N",945934,485,44,56
2017-08-26,"FL","South",1,100,"S",20271272,378,50.6,62
2017-08-26,"GA","South",0,0,"N",10214860,177,52.7,62
2017-08-26,"HI","West",0,0,"N",1431603,222,32.6,83
2017-08-26,"IA","Midwest",0,0,"N",3123899,55,55.1,27
2017-08-26,"ID","West",0,0,"N",1654930,20,68.3,34
2017-08-26,"IL","Midwest",0,0,"N",12859995,231,41,61
2017-08-26,"IN","Midwest",0,0,"N",6619680,184,60.1,37
2017-08-26,"KS","Midwest",0,0,"N",2911641,36,61.1,43
2017-08-26,"KY","South",0,0,"N",4425092,112,65.7,28
2017-08-26,"LA","South",0,0,"N",4670724,108,60.2,55
2017-08-26,"MA","Northeast",0,0,"N",6794422,871,35.3,49
2017-08-26,"MD","South",0,0,"N",6006401,618,36,66
2017-08-26,"ME","Northeast",0,0,"N",1329328,43,48.4,13
2017-08-26,"MI","Midwest",0,0,"N",9922576,175,50.1,42
2017-08-26,"MN","Midwest",0,0,"N",5489594,68,49.2,36
2017-08-26,"MO","Midwest",0,0,"N",6083672,88,59.8,36
2017-08-26,"MS","South",0,0,"N",2992333,63,59.1,54
2017-08-26,"MT","West",0,0,"N",1032949,7,61.1,26
2017-08-26,"NC","South",0,0,"N",8382993,212,51.9,56
2017-08-26,"ND","Midwest",0,0,"N",756927,10,69.8,27
2017-08-26,"NE","Midwest",0,0,"N",1896190,24,63.5,36
2017-08-26,"NH","Northeast",0,0,"N",1330608,148,49.8,18
2017-08-26,"NJ","Northeast",0,0,"N",8958013,1218,42.7,67
2017-08-26,"NM","West",0,0,"N",2085109,17,45.3,73
2017-08-26,"NV","West",0,0,"N",2890845,26,48.7,72
2017-08-26,"NY","Northeast",0,0,"N",19795791,420,38.2,70
2017-08-26,"OH","Midwest",0,0,"N",11613423,284,54.3,36
2017-08-26,"OK","South",0,0,"N",3911338,57,69.3,56
2017-08-26,"OR","West",0,0,"N",4028977,41,43.8,43
2017-08-26,"PA","Northeast",0,0,"N",12802503,286,50.4,41
2017-08-26,"RI","Northeast",0,0,"N",1056298,1021,41.7,51
2017-08-26,"SC","South",1,100,"S",4896146,162,57.5,53
2017-08-26,"SD","Midwest",0,0,"N",858469,11,66,33
2017-08-26,"TN","South",1,2800,"L",6600299,160,63.6,43
2017-08-26,"TX","South",0,0,"N",27469114,105,54.7,70
2017-08-26,"UT","West",0,0,"N",2995919,36,62.4,42
2017-08-26,"VA","South",0,0,"N",10042802,206,47.2,58
2017-08-26,"VT","Northeast",0,0,"N",626042,67,34.8,13
2017-08-26,"WA","West",1,100,"S",7170351,107,41.2,53
2017-08-26,"WI","Midwest",0,0,"N",5771337,106,50.4,35
2017-08-26,"WV","South",0,0,"N",1844128,76,72.2,15
2017-08-26,"WY","West",0,0,"N",586107,6,75.7,31
2017-08-27,"AK","West",0,0,"N",738432,1,58.4,61
2017-08-27,"AL","South",0,0,"N",4858979,95,64.4,50
2017-08-27,"AR","South",0,0,"N",2978204,57,64.3,46
2017-08-27,"AZ","West",0,0,"N",6828065,60,51.9,65
2017-08-27,"CA","West",2,1100,"L",39144818,251,33.9,79
2017-08-27,"CO","West",0,0,"N",5456574,52,47.3,52
2017-08-27,"CT","Northeast",0,0,"N",3590886,741,42.9,56
2017-08-27,"DC","South",0,0,"N",672228,11000,4.3,69
2017-08-27,"DE","South",0,0,"N",945934,485,44,56
2017-08-27,"FL","South",0,0,"N",20271272,378,50.6,62
2017-08-27,"GA","South",0,0,"N",10214860,177,52.7,62
2017-08-27,"HI","West",0,0,"N",1431603,222,32.6,83
2017-08-27,"IA","Midwest",0,0,"N",3123899,55,55.1,27
2017-08-27,"ID","West",0,0,"N",1654930,20,68.3,34
2017-08-27,"IL","Midwest",0,0,"N",12859995,231,41,61
2017-08-27,"IN","Midwest",0,0,"N",6619680,184,60.1,37
2017-08-27,"KS","Midwest",0,0,"N",2911641,36,61.1,43
2017-08-27,"KY","South",0,0,"N",4425092,112,65.7,28
2017-08-27,"LA","South",0,0,"N",4670724,108,60.2,55
2017-08-27,"MA","Northeast",0,0,"N",6794422,871,35.3,49
2017-08-27,"MD","South",0,0,"N",6006401,618,36,66
2017-08-27,"ME","Northeast",0,0,"N",1329328,43,48.4,13
2017-08-27,"MI","Midwest",0,0,"N",9922576,175,50.1,42
2017-08-27,"MN","Midwest",0,0,"N",5489594,68,49.2,36
2017-08-27,"MO","Midwest",0,0,"N",6083672,88,59.8,36
2017-08-27,"MS","South",0,0,"N",2992333,63,59.1,54
2017-08-27,"MT","West",0,0,"N",1032949,7,61.1,26
2017-08-27,"NC","South",0,0,"N",8382993,212,51.9,56
2017-08-27,"ND","Midwest",0,0,"N",756927,10,69.8,27
2017-08-27,"NE","Midwest",0,0,"N",1896190,24,63.5,36
2017-08-27,"NH","Northeast",0,0,"N",1330608,148,49.8,18
2017-08-27,"NJ","Northeast",0,0,"N",8958013,1218,42.7,67
2017-08-27,"NM","West",0,0,"N",2085109,17,45.3,73
2017-08-27,"NV","West",1,100,"S",2890845,26,48.7,72
2017-08-27,"NY","Northeast",0,0,"N",19795791,420,38.2,70
2017-08-27,"OH","Midwest",0,0,"N",11613423,284,54.3,36
2017-08-27,"OK","South",0,0,"N",3911338,57,69.3,56
2017-08-27,"OR","West",0,0,"N",4028977,41,43.8,43
2017-08-27,"PA","Northeast",0,0,"N",12802503,286,50.4,41
2017-08-27,"RI","Northeast",0,0,"N",1056298,1021,41.7,51
2017-08-27,"SC","South",0,0,"N",4896146,162,57.5,53
2017-08-27,"SD","Midwest",0,0,"N",858469,11,66,33
2017-08-27,"TN","South",0,0,"N",6600299,160,63.6,43
2017-08-27,"TX","South",1,100,"S",27469114,105,54.7,70
2017-08-27,"UT","West",0,0,"N",2995919,36,62.4,42
2017-08-27,"VA","South",0,0,"N",10042802,206,47.2,58
2017-08-27,"VT","Northeast",0,0,"N",626042,67,34.8,13
2017-08-27,"WA","West",0,0,"N",7170351,107,41.2,53
2017-08-27,"WI","Midwest",0,0,"N",5771337,106,50.4,35
2017-08-27,"WV","South",0,0,"N",1844128,76,72.2,15
2017-08-27,"WY","West",0,0,"N",586107,6,75.7,31
2017-08-28,"AK","West",0,0,"N",738432,1,58.4,61
2017-08-28,"AL","South",0,0,"N",4858979,95,64.4,50
2017-08-28,"AR","South",0,0,"N",2978204,57,64.3,46
2017-08-28,"AZ","West",0,0,"N",6828065,60,51.9,65
2017-08-28,"CA","West",0,0,"N",39144818,251,33.9,79
2017-08-28,"CO","West",0,0,"N",5456574,52,47.3,52
2017-08-28,"CT","Northeast",0,0,"N",3590886,741,42.9,56
2017-08-28,"DC","South",1,1000,"L",672228,11000,4.3,69
2017-08-28,"DE","South",0,0,"N",945934,485,44,56
2017-08-28,"FL","South",0,0,"N",20271272,378,50.6,62
2017-08-28,"GA","South",0,0,"N",10214860,177,52.7,62
2017-08-28,"HI","West",0,0,"N",1431603,222,32.6,83
2017-08-28,"IA","Midwest",0,0,"N",3123899,55,55.1,27
2017-08-28,"ID","West",0,0,"N",1654930,20,68.3,34
2017-08-28,"IL","Midwest",0,0,"N",12859995,231,41,61
2017-08-28,"IN","Midwest",0,0,"N",6619680,184,60.1,37
2017-08-28,"KS","Midwest",0,0,"N",2911641,36,61.1,43
2017-08-28,"KY","South",0,0,"N",4425092,112,65.7,28
2017-08-28,"LA","South",0,0,"N",4670724,108,60.2,55
2017-08-28,"MA","Northeast",0,0,"N",6794422,871,35.3,49
2017-08-28,"MD","South",0,0,"N",6006401,618,36,66
2017-08-28,"ME","Northeast",0,0,"N",1329328,43,48.4,13
2017-08-28,"MI","Midwest",0,0,"N",9922576,175,50.1,42
2017-08-28,"MN","Midwest",0,0,"N",5489594,68,49.2,36
2017-08-28,"MO","Midwest",0,0,"N",6083672,88,59.8,36
2017-08-28,"MS","South",0,0,"N",2992333,63,59.1,54
2017-08-28,"MT","West",0,0,"N",1032949,7,61.1,26
2017-08-28,"NC","South",0,0,"N",8382993,212,51.9,56
2017-08-28,"ND","Midwest",0,0,"N",756927,10,69.8,27
2017-08-28,"NE","Midwest",0,0,"N",1896190,24,63.5,36
2017-08-28,"NH","Northeast",0,0,"N",1330608,148,49.8,18
2017-08-28,"NJ","Northeast",0,0,"N",8958013,1218,42.7,67
2017-08-28,"NM","West",0,0,"N",2085109,17,45.3,73
2017-08-28,"NV","West",0,0,"N",2890845,26,48.7,72
2017-08-28,"NY","Northeast",1,2,"S",19795791,420,38.2,70
2017-08-28,"OH","Midwest",0,0,"N",11613423,284,54.3,36
2017-08-28,"OK","South",0,0,"N",3911338,57,69.3,56
2017-08-28,"OR","West",0,0,"N",4028977,41,43.8,43
2017-08-28,"PA","Northeast",0,0,"N",12802503,286,50.4,41
2017-08-28,"RI","Northeast",0,0,"N",1056298,1021,41.7,51
2017-08-28,"SC","South",0,0,"N",4896146,162,57.5,53
2017-08-28,"SD","Midwest",0,0,"N",858469,11,66,33
2017-08-28,"TN","South",0,0,"N",6600299,160,63.6,43
2017-08-28,"TX","South",0,0,"N",27469114,105,54.7,70
2017-08-28,"UT","West",0,0,"N",2995919,36,62.4,42
2017-08-28,"VA","South",0,0,"N",10042802,206,47.2,58
2017-08-28,"VT","Northeast",0,0,"N",626042,67,34.8,13
2017-08-28,"WA","West",0,0,"N",7170351,107,41.2,53
2017-08-28,"WI","Midwest",0,0,"N",5771337,106,50.4,35
2017-08-28,"WV","South",0,0,"N",1844128,76,72.2,15
2017-08-28,"WY","West",0,0,"N",586107,6,75.7,31
2017-08-29,"AK","West",0,0,"N",738432,1,58.4,61
2017-08-29,"AL","South",0,0,"N",4858979,95,64.4,50
2017-08-29,"AR","South",0,0,"N",2978204,57,64.3,46
2017-08-29,"AZ","West",0,0,"N",6828065,60,51.9,65
2017-08-29,"CA","West",0,0,"N",39144818,251,33.9,79
2017-08-29,"CO","West",0,0,"N",5456574,52,47.3,52
2017-08-29,"CT","Northeast",0,0,"N",3590886,741,42.9,56
2017-08-29,"DC","South",0,0,"N",672228,11000,4.3,69
2017-08-29,"DE","South",0,0,"N",945934,485,44,56
2017-08-29,"FL","South",0,0,"N",20271272,378,50.6,62
2017-08-29,"GA","South",0,0,"N",10214860,177,52.7,62
2017-08-29,"HI","West",0,0,"N",1431603,222,32.6,83
2017-08-29,"IA","Midwest",0,0,"N",3123899,55,55.1,27
2017-08-29,"ID","West",0,0,"N",1654930,20,68.3,34
2017-08-29,"IL","Midwest",0,0,"N",12859995,231,41,61
2017-08-29,"IN","Midwest",0,0,"N",6619680,184,60.1,37
2017-08-29,"KS","Midwest",0,0,"N",2911641,36,61.1,43
2017-08-29,"KY","South",0,0,"N",4425092,112,65.7,28
2017-08-29,"LA","South",0,0,"N",4670724,108,60.2,55
2017-08-29,"MA","Northeast",0,0,"N",6794422,871,35.3,49
2017-08-29,"MD","South",0,0,"N",6006401,618,36,66
2017-08-29,"ME","Northeast",0,0,"N",1329328,43,48.4,13
2017-08-29,"MI","Midwest",0,0,"N",9922576,175,50.1,42
2017-08-29,"MN","Midwest",0,0,"N",5489594,68,49.2,36
2017-08-29,"MO","Midwest",0,0,"N",6083672,88,59.8,36
2017-08-29,"MS","South",0,0,"N",2992333,63,59.1,54
2017-08-29,"MT","West",0,0,"N",1032949,7,61.1,26
2017-08-29,"NC","South",0,0,"N",8382993,212,51.9,56
2017-08-29,"ND","Midwest",0,0,"N",756927,10,69.8,27
2017-08-29,"NE","Midwest",0,0,"N",1896190,24,63.5,36
2017-08-29,"NH","Northeast",0,0,"N",1330608,148,49.8,18
2017-08-29,"NJ","Northeast",0,0,"N",8958013,1218,42.7,67
2017-08-29,"NM","West",0,0,"N",2085109,17,45.3,73
2017-08-29,"NV","West",0,0,"N",2890845,26,48.7,72
2017-08-29,"NY","Northeast",0,0,"N",19795791,420,38.2,70
2017-08-29,"OH","Midwest",0,0,"N",11613423,284,54.3,36
2017-08-29,"OK","South",0,0,"N",3911338,57,69.3,56
2017-08-29,"OR","West",0,0,"N",4028977,41,43.8,43
2017-08-29,"PA","Northeast",0,0,"N",12802503,286,50.4,41
2017-08-29,"RI","Northeast",0,0,"N",1056298,1021,41.7,51
2017-08-29,"SC","South",0,0,"N",4896146,162,57.5,53
2017-08-29,"SD","Midwest",0,0,"N",858469,11,66,33
2017-08-29,"TN","South",0,0,"N",6600299,160,63.6,43
2017-08-29,"TX","South",0,0,"N",27469114,105,54.7,70
2017-08-29,"UT","West",0,0,"N",2995919,36,62.4,42
2017-08-29,"VA","South",0,0,"N",10042802,206,47.2,58
2017-08-29,"VT","Northeast",0,0,"N",626042,67,34.8,13
2017-08-29,"WA","West",0,0,"N",7170351,107,41.2,53
2017-08-29,"WI","Midwest",0,0,"N",5771337,106,50.4,35
2017-08-29,"WV","South",0,0,"N",1844128,76,72.2,15
2017-08-29,"WY","West",0,0,"N",586107,6,75.7,31
2017-08-30,"AK","West",0,0,"N",738432,1,58.4,61
2017-08-30,"AL","South",0,0,"N",4858979,95,64.4,50
2017-08-30,"AR","South",0,0,"N",2978204,57,64.3,46
2017-08-30,"AZ","West",0,0,"N",6828065,60,51.9,65
2017-08-30,"CA","West",0,0,"N",39144818,251,33.9,79
2017-08-30,"CO","West",0,0,"N",5456574,52,47.3,52
2017-08-30,"CT","Northeast",0,0,"N",3590886,741,42.9,56
2017-08-30,"DC","South",0,0,"N",672228,11000,4.3,69
2017-08-30,"DE","South",0,0,"N",945934,485,44,56
2017-08-30,"FL","South",1,100,"S",20271272,378,50.6,62
2017-08-30,"GA","South",0,0,"N",10214860,177,52.7,62
2017-08-30,"HI","West",0,0,"N",1431603,222,32.6,83
2017-08-30,"IA","Midwest",0,0,"N",3123899,55,55.1,27
2017-08-30,"ID","West",0,0,"N",1654930,20,68.3,34
2017-08-30,"IL","Midwest",1,0,"S",12859995,231,41,61
2017-08-30,"IN","Midwest",0,0,"N",6619680,184,60.1,37
2017-08-30,"KS","Midwest",0,0,"N",2911641,36,61.1,43
2017-08-30,"KY","South",0,0,"N",4425092,112,65.7,28
2017-08-30,"LA","South",0,0,"N",4670724,108,60.2,55
2017-08-30,"MA","Northeast",0,0,"N",6794422,871,35.3,49
2017-08-30,"MD","South",0,0,"N",6006401,618,36,66
2017-08-30,"ME","Northeast",0,0,"N",1329328,43,48.4,13
2017-08-30,"MI","Midwest",0,0,"N",9922576,175,50.1,42
2017-08-30,"MN","Midwest",0,0,"N",5489594,68,49.2,36
2017-08-30,"MO","Midwest",0,0,"N",6083672,88,59.8,36
2017-08-30,"MS","South",0,0,"N",2992333,63,59.1,54
2017-08-30,"MT","West",0,0,"N",1032949,7,61.1,26
2017-08-30,"NC","South",0,0,"N",8382993,212,51.9,56
2017-08-30,"ND","Midwest",0,0,"N",756927,10,69.8,27
2017-08-30,"NE","Midwest",0,0,"N",1896190,24,63.5,36
2017-08-30,"NH","Northeast",0,0,"N",1330608,148,49.8,18
2017-08-30,"NJ","Northeast",0,0,"N",8958013,1218,42.7,67
2017-08-30,"NM","West",0,0,"N",2085109,17,45.3,73
2017-08-30,"NV","West",0,0,"N",2890845,26,48.7,72
2017-08-30,"NY","Northeast",0,0,"N",19795791,420,38.2,70
2017-08-30,"OH","Midwest",1,300,"L",11613423,284,54.3,36
2017-08-30,"OK","South",0,0,"N",3911338,57,69.3,56
2017-08-30,"OR","West",0,0,"N",4028977,41,43.8,43
2017-08-30,"PA","Northeast",0,0,"N",12802503,286,50.4,41
2017-08-30,"RI","Northeast",0,0,"N",1056298,1021,41.7,51
2017-08-30,"SC","South",0,0,"N",4896146,162,57.5,53
2017-08-30,"SD","Midwest",0,0,"N",858469,11,66,33
2017-08-30,"TN","South",0,0,"N",6600299,160,63.6,43
2017-08-30,"TX","South",0,0,"N",27469114,105,54.7,70
2017-08-30,"UT","West",0,0,"N",2995919,36,62.4,42
2017-08-30,"VA","South",0,0,"N",10042802,206,47.2,58
2017-08-30,"VT","Northeast",0,0,"N",626042,67,34.8,13
2017-08-30,"WA","West",0,0,"N",7170351,107,41.2,53
2017-08-30,"WI","Midwest",0,0,"N",5771337,106,50.4,35
2017-08-30,"WV","South",0,0,"N",1844128,76,72.2,15
2017-08-30,"WY","West",0,0,"N",586107,6,75.7,31
2017-08-31,"AK","West",0,0,"N",738432,1,58.4,61
2017-08-31,"AL","South",0,0,"N",4858979,95,64.4,50
2017-08-31,"AR","South",0,0,"N",2978204,57,64.3,46
2017-08-31,"AZ","West",0,0,"N",6828065,60,51.9,65
2017-08-31,"CA","West",0,0,"N",39144818,251,33.9,79
2017-08-31,"CO","West",0,0,"N",5456574,52,47.3,52
2017-08-31,"CT","Northeast",0,0,"N",3590886,741,42.9,56
2017-08-31,"DC","South",0,0,"N",672228,11000,4.3,69
2017-08-31,"DE","South",0,0,"N",945934,485,44,56
2017-08-31,"FL","South",0,0,"N",20271272,378,50.6,62
2017-08-31,"GA","South",0,0,"N",10214860,177,52.7,62
2017-08-31,"HI","West",0,0,"N",1431603,222,32.6,83
2017-08-31,"IA","Midwest",0,0,"N",3123899,55,55.1,27
2017-08-31,"ID","West",0,0,"N",1654930,20,68.3,34
2017-08-31,"IL","Midwest",0,0,"N",12859995,231,41,61
2017-08-31,"IN","Midwest",0,0,"N",6619680,184,60.1,37
2017-08-31,"KS","Midwest",0,0,"N",2911641,36,61.1,43
2017-08-31,"KY","South",0,0,"N",4425092,112,65.7,28
2017-08-31,"LA","South",0,0,"N",4670724,108,60.2,55
2017-08-31,"MA","Northeast",0,0,"N",6794422,871,35.3,49
2017-08-31,"MD","South",1,1502,"L",6006401,618,36,66
2017-08-31,"ME","Northeast",0,0,"N",1329328,43,48.4,13
2017-08-31,"MI","Midwest",0,0,"N",9922576,175,50.1,42
2017-08-31,"MN","Midwest",0,0,"N",5489594,68,49.2,36
2017-08-31,"MO","Midwest",0,0,"N",6083672,88,59.8,36
2017-08-31,"MS","South",0,0,"N",2992333,63,59.1,54
2017-08-31,"MT","West",0,0,"N",1032949,7,61.1,26
2017-08-31,"NC","South",0,0,"N",8382993,212,51.9,56
2017-08-31,"ND","Midwest",0,0,"N",756927,10,69.8,27
2017-08-31,"NE","Midwest",0,0,"N",1896190,24,63.5,36
2017-08-31,"NH","Northeast",0,0,"N",1330608,148,49.8,18
2017-08-31,"NJ","Northeast",0,0,"N",8958013,1218,42.7,67
2017-08-31,"NM","West",0,0,"N",2085109,17,45.3,73
2017-08-31,"NV","West",0,0,"N",2890845,26,48.7,72
2017-08-31,"NY","Northeast",0,0,"N",19795791,420,38.2,70
2017-08-31,"OH","Midwest",0,0,"N",11613423,284,54.3,36
2017-08-31,"OK","South",0,0,"N",3911338,57,69.3,56
2017-08-31,"OR","West",0,0,"N",4028977,41,43.8,43
2017-08-31,"PA","Northeast",0,0,"N",12802503,286,50.4,41
2017-08-31,"RI","Northeast",0,0,"N",1056298,1021,41.7,51
2017-08-31,"SC","South",0,0,"N",4896146,162,57.5,53
2017-08-31,"SD","Midwest",0,0,"N",858469,11,66,33
2017-08-31,"TN","South",0,0,"N",6600299,160,63.6,43
2017-08-31,"TX","South",0,0,"N",27469114,105,54.7,70
2017-08-31,"UT","West",0,0,"N",2995919,36,62.4,42
2017-08-31,"VA","South",0,0,"N",10042802,206,47.2,58
2017-08-31,"VT","Northeast",0,0,"N",626042,67,34.8,13
2017-08-31,"WA","West",0,0,"N",7170351,107,41.2,53
2017-08-31,"WI","Midwest",0,0,"N",5771337,106,50.4,35
2017-08-31,"WV","South",0,0,"N",1844128,76,72.2,15
2017-08-31,"WY","West",0,0,"N",586107,6,75.7,31
